CREATE DATABASE  IF NOT EXISTS `b365api` /*!40100 DEFAULT CHARACTER SET utf8mb4 COLLATE utf8mb4_bin */;
USE `b365api`;
-- MySQL dump 10.13  Distrib 8.0.26, for Win64 (x86_64)
--
-- Host: 127.0.0.1    Database: b365api
-- ------------------------------------------------------
-- Server version	5.7.34

/*!40101 SET @OLD_CHARACTER_SET_CLIENT=@@CHARACTER_SET_CLIENT */;
/*!40101 SET @OLD_CHARACTER_SET_RESULTS=@@CHARACTER_SET_RESULTS */;
/*!40101 SET @OLD_COLLATION_CONNECTION=@@COLLATION_CONNECTION */;
/*!50503 SET NAMES utf8 */;
/*!40103 SET @OLD_TIME_ZONE=@@TIME_ZONE */;
/*!40103 SET TIME_ZONE='+00:00' */;
/*!40014 SET @OLD_UNIQUE_CHECKS=@@UNIQUE_CHECKS, UNIQUE_CHECKS=0 */;
/*!40014 SET @OLD_FOREIGN_KEY_CHECKS=@@FOREIGN_KEY_CHECKS, FOREIGN_KEY_CHECKS=0 */;
/*!40101 SET @OLD_SQL_MODE=@@SQL_MODE, SQL_MODE='NO_AUTO_VALUE_ON_ZERO' */;
/*!40111 SET @OLD_SQL_NOTES=@@SQL_NOTES, SQL_NOTES=0 */;

--
-- Table structure for table `asian_handicap`
--

DROP TABLE IF EXISTS `asian_handicap`;
/*!40101 SET @saved_cs_client     = @@character_set_client */;
/*!50503 SET character_set_client = utf8mb4 */;
CREATE TABLE `asian_handicap` (
  `hand_id` int(11) NOT NULL AUTO_INCREMENT,
  `comm_id` varchar(45) COLLATE utf8mb4_bin DEFAULT '' COMMENT '对应比赛id\n',
  `home_odds` varchar(45) COLLATE utf8mb4_bin DEFAULT '',
  `home_handicap` varchar(45) COLLATE utf8mb4_bin DEFAULT '',
  `away_odds` varchar(45) COLLATE utf8mb4_bin DEFAULT '' COMMENT '更新时间\n',
  `away_handicap` varchar(45) COLLATE utf8mb4_bin DEFAULT '',
  `update_at` int(11) DEFAULT '0',
  `is_deleted` tinyint(1) DEFAULT '0',
  PRIMARY KEY (`hand_id`)
) ENGINE=InnoDB AUTO_INCREMENT=29 DEFAULT CHARSET=utf8mb4 COLLATE=utf8mb4_bin COMMENT='亚盘';
/*!40101 SET character_set_client = @saved_cs_client */;

--
-- Dumping data for table `asian_handicap`
--

LOCK TABLES `asian_handicap` WRITE;
/*!40000 ALTER TABLE `asian_handicap` DISABLE KEYS */;
INSERT INTO `asian_handicap` VALUES (1,'120876344','1.900','-0.5, -1.0','1.900','+0.5, +1.0',1656194102,0),(2,'120880825','1.775','0.0, -0.5','2.100','0.0, +0.5',1656194586,0),(3,'120880823','1.900','-0.5, -1.0','1.950','+0.5, +1.0',1656194756,0),(4,'120876341','1.975','-0.5','1.825','+0.5',1656194990,0),(5,'120880766','1.825','0.0','2.025','0.0',1656194963,0),(6,'120880753','2.050','-0.5','1.800','+0.5',1656194949,0),(7,'120880801','1.900','-0.5','1.950','+0.5',1656194253,0),(8,'120880794','1.950','-0.5','1.900','+0.5',1656194786,0),(9,'120876339','2.000','0.0, -0.5','1.800','0.0, +0.5',1656193793,0),(10,'120880814','2.150','0.0, +0.5','1.725','0.0, -0.5',1656194638,0),(11,'120880827','2.100','-0.5, -1.0','1.775','+0.5, +1.0',1656194693,0),(12,'120880817','2.025','0.0','1.825','0.0',1656194981,0),(13,'120880773','1.825','-0.5, -1.0','2.025','+0.5, +1.0',1656194660,0),(14,'120880806','1.975','0.0','1.875','0.0',1656194814,0),(15,'120880770','2.025','0.0, -0.5','1.825','0.0, +0.5',1656195038,0),(16,'120880804','1.850','0.0','2.000','0.0',1656194473,0),(17,'120880759','1.875','0.0, +0.5','1.975','0.0, -0.5',1656194839,0),(18,'120880819','1.700','0.0','2.200','0.0',1656194762,0),(19,'120880763','2.025','-0.5','1.825','+0.5',1656194857,0),(20,'120880821','1.950','-0.5','1.900','+0.5',1656194070,0),(21,'120880794','1.925','-0.5','1.925','+0.5',1656195914,0),(22,'120880763','2.050','-0.5','1.800','+0.5',1656196469,0),(23,'120880770','2.050','0.0, -0.5','1.800','0.0, +0.5',1656196529,0),(24,'120880759','1.850','0.0, +0.5','2.000','0.0, -0.5',1656196342,0),(25,'120880770','2.100','0.0, -0.5','1.775','0.0, +0.5',1656197146,0),(26,'120880773','1.800','-0.5, -1.0','2.050','+0.5, +1.0',1656197071,0),(27,'120880770','2.050','0.0, -0.5','1.800','0.0, +0.5',1656197420,0),(28,'120880763','2.025','-0.5','1.825','+0.5',1656197403,0);
/*!40000 ALTER TABLE `asian_handicap` ENABLE KEYS */;
UNLOCK TABLES;

--
-- Table structure for table `full_time`
--

DROP TABLE IF EXISTS `full_time`;
/*!40101 SET @saved_cs_client     = @@character_set_client */;
/*!50503 SET character_set_client = utf8mb4 */;
CREATE TABLE `full_time` (
  `full_id` int(11) NOT NULL AUTO_INCREMENT,
  `comm_id` varchar(45) COLLATE utf8mb4_bin DEFAULT '',
  `home_odds` varchar(45) COLLATE utf8mb4_bin DEFAULT '',
  `draw_odds` varchar(45) COLLATE utf8mb4_bin DEFAULT '',
  `away_odds` varchar(45) COLLATE utf8mb4_bin DEFAULT '',
  `update_at` int(11) DEFAULT '0',
  `is_deleted` tinyint(1) DEFAULT '0',
  PRIMARY KEY (`full_id`)
) ENGINE=InnoDB AUTO_INCREMENT=29 DEFAULT CHARSET=utf8mb4 COLLATE=utf8mb4_bin COMMENT='欧';
/*!40101 SET character_set_client = @saved_cs_client */;

--
-- Dumping data for table `full_time`
--

LOCK TABLES `full_time` WRITE;
/*!40000 ALTER TABLE `full_time` DISABLE KEYS */;
INSERT INTO `full_time` VALUES (1,'120877176','3.200','3.100','2.100',1656196958,0),(2,'121365214','3.000','2.750','2.400',1656196954,0),(3,'120880753','2.100','3.600','3.200',1656197410,0),(4,'120880773','1.615','3.600','5.750',1656197014,0),(5,'120876341','1.909','4.500','2.750',1656197351,0),(6,'120877144','1.571','3.400','5.500',1656197360,0),(7,'120880759','2.900','3.800','2.200',1656197310,0),(8,'120880814','3.500','3.600','1.950',1656197386,0),(9,'120876344','1.666','4.200','3.600',1656196128,0),(10,'120880806','2.550','3.800','2.450',1656197388,0),(11,'120880770','2.375','3.600','2.800',1656197450,0),(12,'120880801','1.909','3.800','3.800',1656197364,0),(13,'120880821','1.909','3.750','3.750',1656197330,0),(14,'120877200','1.400','3.800','7.000',1656197296,0),(15,'120880819','2.375','3.200','3.000',1656197335,0),(16,'120877214','4.750','3.300','1.666',1656196694,0),(17,'120880817','2.625','3.800','2.375',1656197203,0),(18,'120877219','1.833','3.300','3.750',1656197444,0),(19,'120880827','1.833','4.000','3.800',1656197437,0),(20,'120877211','2.875','2.900','2.375',1656196360,0),(21,'120880766','2.400','3.750','2.700',1656196990,0),(22,'120880794','1.950','3.750','3.500',1656197526,0),(23,'120880804','2.500','3.400','2.625',1656197132,0),(24,'120876339','2.150','3.750','2.700',1656196442,0),(25,'120880825','2.000','3.500','3.500',1656197502,0),(26,'120880763','2.050','3.400','3.750',1656197353,0),(27,'120877209','1.250','5.500','7.500',1656197140,0),(28,'120880823','1.700','4.000','4.500',1656197498,0);
/*!40000 ALTER TABLE `full_time` ENABLE KEYS */;
UNLOCK TABLES;

--
-- Table structure for table `goal_line`
--

DROP TABLE IF EXISTS `goal_line`;
/*!40101 SET @saved_cs_client     = @@character_set_client */;
/*!50503 SET character_set_client = utf8mb4 */;
CREATE TABLE `goal_line` (
  `goal_id` int(11) NOT NULL AUTO_INCREMENT,
  `comm_id` varchar(45) COLLATE utf8mb4_bin DEFAULT '',
  `over_odds` varchar(45) COLLATE utf8mb4_bin DEFAULT '',
  `over_name` varchar(45) COLLATE utf8mb4_bin DEFAULT '',
  `under_odds` varchar(45) COLLATE utf8mb4_bin DEFAULT '',
  `under_name` varchar(45) COLLATE utf8mb4_bin DEFAULT '',
  `update_at` int(11) DEFAULT '0',
  `is_deleted` tinyint(1) DEFAULT '0',
  PRIMARY KEY (`goal_id`)
) ENGINE=InnoDB AUTO_INCREMENT=64 DEFAULT CHARSET=utf8mb4 COLLATE=utf8mb4_bin COMMENT='大小';
/*!40101 SET character_set_client = @saved_cs_client */;

--
-- Dumping data for table `goal_line`
--

LOCK TABLES `goal_line` WRITE;
/*!40000 ALTER TABLE `goal_line` DISABLE KEYS */;
INSERT INTO `goal_line` VALUES (1,'120880770','2.000','2.5, 3.0','1.850','2.5, 3.0',1656196529,0),(2,'120876344','1.775','3.0','2.025','3.0',1656196245,0),(3,'120880763','1.975','2.5','1.875','2.5',1656196469,0),(4,'120880766','1.800','2.5, 3.0','2.050','2.5, 3.0',1656196404,0),(5,'120880759','1.925','3.0, 3.5','1.925','3.0, 3.5',1656196342,0),(6,'120880794','1.825','2.5','2.025','2.5',1656195914,0),(7,'120880821','1.875','2.5','1.975','2.5',1656196545,0),(8,'120880827','1.875','2.5, 3.0','1.975','2.5, 3.0',1656196150,0),(9,'120880804','2.025','2.5','1.825','2.5',1656194473,0),(10,'120880823','2.025','3.0','1.825','3.0',1656196499,0),(11,'120880753','1.850','2.5','2.000','2.5',1656196177,0),(12,'120880801','2.025','2.5, 3.0','1.825','2.5, 3.0',1656195976,0),(13,'120876341','1.925','3.0, 3.5','1.875','3.0, 3.5',1656196432,0),(14,'120880819','1.950','2.5','1.900','2.5',1656196465,0),(15,'120880817','1.825','2.5, 3.0','2.025','2.5, 3.0',1656196539,0),(16,'120880814','1.675','2.5','2.250','2.5',1656196394,0),(17,'120876339','1.950','3.0','1.850','3.0',1656195877,0),(18,'120880825','1.875','2.5','1.975','2.5',1656196475,0),(19,'120880773','2.025','2.5','1.825','2.5',1656195877,0),(20,'120880806','1.900','2.5, 3.0','1.950','2.5, 3.0',1656196363,0),(21,'120880763','1.975','2.5','1.875','2.5',1656197397,0),(22,'120880770','2.000','2.5, 3.0','1.850','2.5, 3.0',1656197146,0),(23,'120880801','2.025','2.5, 3.0','1.825','2.5, 3.0',1656197178,0),(24,'120880773','2.025','2.5','1.825','2.5',1656197071,0),(25,'120876339','1.950','3.0','1.850','3.0',1656197356,0),(26,'120880817','1.825','2.5, 3.0','2.025','2.5, 3.0',1656197081,0),(27,'120880804','2.025','2.5','1.825','2.5',1656197279,0),(28,'120876341','1.925','3.0, 3.5','1.875','3.0, 3.5',1656196432,0),(29,'120880823','2.025','3.0','1.825','3.0',1656197175,0),(30,'120880821','1.875','2.5','1.975','2.5',1656196907,0),(31,'120880825','1.875','2.5','1.975','2.5',1656197078,0),(32,'120880753','1.850','2.5','2.000','2.5',1656196957,0),(33,'120880766','1.800','2.5, 3.0','2.050','2.5, 3.0',1656197081,0),(34,'120880794','1.825','2.5','2.025','2.5',1656197096,0),(35,'120880827','1.875','2.5, 3.0','1.975','2.5, 3.0',1656197034,0),(36,'120880806','1.900','2.5, 3.0','1.950','2.5, 3.0',1656197073,0),(37,'120880814','1.675','2.5','2.250','2.5',1656197255,0),(38,'120876344','1.775','3.0','2.025','3.0',1656196245,0),(39,'120880759','1.900','3.0, 3.5','1.950','3.0, 3.5',1656197308,0),(40,'120880819','1.950','2.5','1.900','2.5',1656197223,0),(41,'120876339','1.950','3.0','1.850','3.0',1656197356,0),(42,'120880759','1.900','3.0, 3.5','1.950','3.0, 3.5',1656197308,0),(43,'120876344','1.775','3.0','2.025','3.0',1656196245,0),(44,'120880753','1.850','2.5','2.000','2.5',1656196957,0),(45,'120880773','2.025','2.5','1.825','2.5',1656197071,0),(46,'120876341','1.925','3.0, 3.5','1.875','3.0, 3.5',1656196432,0),(47,'120880759','1.900','3.0, 3.5','1.950','3.0, 3.5',1656197308,0),(48,'120880814','1.675','2.5','2.250','2.5',1656197255,0),(49,'120876344','1.775','3.0','2.025','3.0',1656196245,0),(50,'120880806','1.900','2.5, 3.0','1.950','2.5, 3.0',1656197073,0),(51,'120880770','2.000','2.5, 3.0','1.850','2.5, 3.0',1656197420,0),(52,'120880801','2.025','2.5, 3.0','1.825','2.5, 3.0',1656197178,0),(53,'120880821','1.875','2.5','1.975','2.5',1656197427,0),(54,'120880819','1.950','2.5','1.900','2.5',1656197223,0),(55,'120880817','1.825','2.5, 3.0','2.025','2.5, 3.0',1656197081,0),(56,'120880827','1.875','2.5, 3.0','1.975','2.5, 3.0',1656197034,0),(57,'120880766','1.800','2.5, 3.0','2.050','2.5, 3.0',1656197081,0),(58,'120880794','1.825','2.5','2.025','2.5',1656197096,0),(59,'120880804','2.025','2.5','1.825','2.5',1656197279,0),(60,'120876339','1.950','3.0','1.850','3.0',1656197356,0),(61,'120880825','1.875','2.5','1.975','2.5',1656197078,0),(62,'120880763','1.975','2.5','1.875','2.5',1656197403,0),(63,'120880823','2.025','3.0','1.825','3.0',1656197175,0);
/*!40000 ALTER TABLE `goal_line` ENABLE KEYS */;
UNLOCK TABLES;

--
-- Table structure for table `up_coming`
--

DROP TABLE IF EXISTS `up_coming`;
/*!40101 SET @saved_cs_client     = @@character_set_client */;
/*!50503 SET character_set_client = utf8mb4 */;
CREATE TABLE `up_coming` (
  `comm_id` varchar(45) COLLATE utf8mb4_bin NOT NULL,
  `comm_time` int(11) NOT NULL,
  `league_id` varchar(45) COLLATE utf8mb4_bin DEFAULT '' COMMENT '联赛ID',
  `league_name` varchar(200) COLLATE utf8mb4_bin DEFAULT '' COMMENT '联赛名称',
  `home_id` varchar(45) COLLATE utf8mb4_bin DEFAULT '' COMMENT '主队ID',
  `home_name` varchar(200) COLLATE utf8mb4_bin DEFAULT '' COMMENT '主队名称',
  `away_id` varchar(45) COLLATE utf8mb4_bin DEFAULT '' COMMENT '客队ID',
  `away_name` varchar(45) COLLATE utf8mb4_bin DEFAULT '' COMMENT '客队名称',
  `ss` varchar(45) COLLATE utf8mb4_bin DEFAULT '',
  `our_event_id` varchar(45) COLLATE utf8mb4_bin DEFAULT '',
  `r_id` varchar(45) COLLATE utf8mb4_bin DEFAULT '',
  `update_at` varchar(45) COLLATE utf8mb4_bin DEFAULT '',
  `is_deleted` tinyint(1) DEFAULT '0',
  PRIMARY KEY (`comm_id`)
) ENGINE=InnoDB DEFAULT CHARSET=utf8mb4 COLLATE=utf8mb4_bin COMMENT='即将比赛';
/*!40101 SET character_set_client = @saved_cs_client */;

--
-- Dumping data for table `up_coming`
--

LOCK TABLES `up_coming` WRITE;
/*!40000 ALTER TABLE `up_coming` DISABLE KEYS */;
INSERT INTO `up_coming` VALUES ('120876339',1656244800,'10037168','Norway Division 2 Group 1','10410124','Moss','10360051','Egersunds','','4587268','','1656192876',0),('120876341',1656244800,'10037168','Norway Division 2 Group 1','10410145','Ullern','10360059','Sotra','','4587487','','1656192876',0),('120876344',1656244800,'10037168','Norway Division 2 Group 1','10410172','Vard Haugesund','10402274','Notodden','','4587488','','1656192876',0),('120877144',1656268200,'10050435','Brazil Serie D','10454588','Brasiliense','10453600','CEO Varzeagrandense','','4720146','','1656193277',0),('120877176',1656266400,'10050435','Brazil Serie D','10449408','Globo FC','10452892','Afogados da Ingazeira FC','','4720424','','1656193277',0),('120877200',1656266400,'10050435','Brazil Serie D','10360701','Marcilio Dias','10510616','EC Prospera','','4720542','','1656193277',0),('120877209',1656270000,'10050435','Brazil Serie D','10525765','Fluminense PI','10420031','Tuna Luso','','4722127','','1656193277',0),('120877211',1656270000,'10050435','Brazil Serie D','10449903','ASA','10450828','Lagarto','','4720355','','1656193277',0),('120877214',1656270000,'10050435','Brazil Serie D','10525762','Sociedade Acao','10454967','Ceilandia','','4722053','','1656193277',0),('120877219',1656273600,'10050435','Brazil Serie D','10454996','Moto Club de São Luís','10449421','Pacajus','','4720437','','1656193277',0),('120880753',1656199800,'10047168','USA MLS','10532271','CF Montreal','10815927','Charlotte FC','','4468071','','1656194188',0),('120880759',1656199800,'10047168','USA MLS','10360158','Toronto FC','10360160','Atlanta United','','4463916','','1656194188',0),('120880763',1656201600,'10047168','USA MLS','10459715','Houston Dynamo','10459718','Chicago Fire','','4463776','','1656194188',0),('120880766',1656201600,'10047168','USA MLS','10459719','Inter Miami CF','10360168','Minnesota United','','4463917','','1656194188',0),('120880770',1656205200,'10047168','USA MLS','10531382','Austin FC','10360163','FC Dallas','','4463918','','1656194188',0),('120880773',1656208800,'10047168','USA MLS','10360164','Real Salt Lake','10459241','Columbus Crew','','4463777','','1656194188',0),('120880794',1656210600,'10047168','USA MLS','10360165','Portland Timbers','10459038','Colorado Rapids','','4463919','','1656194188',0),('120880801',1656270000,'10047168','USA MLS','10417843','Los Angeles FC','10360167','New York Red Bulls','','4463779','','1656194188',0),('120880804',1656280800,'10047168','USA MLS','10360166','Philadelphia Union','10417719','New York City FC','','4463780','','1656194188',0),('120880806',1656288000,'10047168','USA MLS','10459717','Vancouver Whitecaps','10360161','New England Revolution','','4463920','','1656194188',0),('120880814',1656545400,'10047168','USA MLS','10455905','FC Cincinnati','10417719','New York City FC','','4463781','','1656194188',0),('120880817',1656545400,'10047168','USA MLS','10360158','Toronto FC','10459241','Columbus Crew','','4463782','','1656194188',0),('120880819',1656547200,'10047168','USA MLS','10459718','Chicago Fire','10360166','Philadelphia Union','','4463921','','1656194188',0),('120880821',1656554400,'10047168','USA MLS','10360162','Seattle Sounders FC','10532271','CF Montreal','','4463783','','1656194188',0),('120880823',1656556200,'10047168','USA MLS','10417843','Los Angeles FC','10360163','FC Dallas','','4463922','','1656194188',0),('120880825',1656556200,'10047168','USA MLS','10360165','Portland Timbers','10459715','Houston Dynamo','','4463784','','1656194188',0),('120880827',1656556200,'10047168','USA MLS','10360169','LA Galaxy','10360168','Minnesota United','','4463825','','1656194188',0),('121365214',1656266400,'10050435','Brazil Serie D','10513393','Perolas Negras','10447311','Nova Iguacu','','4720758','','1656193277',0);
/*!40000 ALTER TABLE `up_coming` ENABLE KEYS */;
UNLOCK TABLES;
/*!40103 SET TIME_ZONE=@OLD_TIME_ZONE */;

/*!40101 SET SQL_MODE=@OLD_SQL_MODE */;
/*!40014 SET FOREIGN_KEY_CHECKS=@OLD_FOREIGN_KEY_CHECKS */;
/*!40014 SET UNIQUE_CHECKS=@OLD_UNIQUE_CHECKS */;
/*!40101 SET CHARACTER_SET_CLIENT=@OLD_CHARACTER_SET_CLIENT */;
/*!40101 SET CHARACTER_SET_RESULTS=@OLD_CHARACTER_SET_RESULTS */;
/*!40101 SET COLLATION_CONNECTION=@OLD_COLLATION_CONNECTION */;
/*!40111 SET SQL_NOTES=@OLD_SQL_NOTES */;

-- Dump completed on 2022-06-26 10:44:32
